report_file,pathology_id,organ,organ_basis,age,sex,collect_date,report_date,clinical_diagnosis,patho_diagnosis,cancer_type,ptnm,stage_mapped,stage_simple,grade,grade_tcga,ki67_pct,mvi,lymph_node_status,tumor_size_cm,ihc_summary,note
微信图片_20240110085931.txt,D2301220,lung,送检材料=肺;肉眼所见=肺(左肺上叶),68,男,2023-05-23,2023-05-26,孤立性肺结节,"1.(左肺上叶)浸润性非黏液型腺癌(中分化、乳头型约占60%,贴壁型约占40%)(肿瘤约2*1.8cm) 2.免疫组化D2-40、CD31、S-100结果提示未见明确脉管和神经侵犯;弹力纤维染色结果提示未见明确胸膜侵犯;支气管断端未见癌组织;STAS(沿气道播散)(-) 3.送检之:4组淋巴结未见转移(0/1),5组淋巴结未见转移(0/1),6组淋巴结未见转移(0/1),11组淋巴结未见转移(0/1),12组淋巴结未见转移(0/2),13组淋巴结未见转移(0/1),14组淋巴结未见转移(0/1) 4.病理分期(pTNM):pT1bN0Mx",lung adenocarcinoma,pT1bN0Mx,IA2,IA,中分化(乳头型约60%+贴壁型约40%),G2,,,0/8,2,"D2-40,CD31,S-100(提示未见明确脉管和神经侵犯);弹力纤维染色(未见明确胸膜侵犯)","淋巴结计数OCR错乱(o/i6、do/ip),已按原图校正为(0/1);pTNM原文OCR为pTIbNOMx(0/O混淆),已按原图校正"
微信图片_20240110085944.txt,2302089,lung,送检标本=右肺下叶结节;肉眼所见=右肺下叶结节,78,女,2023-03-01,2023-03-07,孤立性肺结节,"1.(右肺下叶结节)浸润性非粘液腺癌(高分化,附壁生长型约占60%,腺泡型约占30%,复杂腺体约占10%)(肿瘤大小:1.2*0.8cm) 2.免疫组化CD31、D2-40、S-100结果提示未见明确脉管、神经侵犯;弹力纤维染色提示未见明确胸膜侵犯 3.送检之:7组淋巴结未见转移(0/1),9组淋巴结未见转移(0/1),10组淋巴结未见转移(0/1) 4.病理分期:pT1bN0Mx",lung adenocarcinoma,pT1bN0Mx,IA2,IA,高分化(附壁生长型约60%+腺泡型约30%+复杂腺体约10%),G1,,,0/3,1.2,"CD31,D2-40,S-100(未见明确脉管及神经侵犯);弹力纤维染色(未见明确胸膜侵犯)","pTNM原文OCR为pT1bNOMx,已按大小写混淆规则校正为pT1bN0Mx"
微信图片_20240110085949.txt,2301595,lung,送检标本=右肺下叶;肉眼所见=右肺下叶,57,女,2023-02-21,2023-02-28,孤立性肺结节,"1.(右肺下叶)浸润性非黏液腺癌(低分化、复杂腺体约占30%、乳头型约占20%、腺泡型约占40%、附壁生长型约占10%)(肿瘤大小2.4*1.8cm) 2.免疫组化D2-40、S-100、CD31结果提示可见脉管侵犯、未见神经侵犯;弹力纤维染色未见明确胸膜侵犯 3.支气管断端未见癌 4.STAS(沿气道播散)(+) 5.送检之:2组淋巴结未见转移(0/1),(4组淋巴结)软组织未见癌;7组淋巴结未见转移(0/3),(8组淋巴结)软组织未见癌;9组淋巴结未见转移(0/1),10组淋巴结未见转移(0/1);11组淋巴结未见转移(0/1),13组淋巴结未见转移(0/1);14组淋巴结未见转移(0/3),12组淋巴结未见转移(0/1) 6.临床病理分期:pT1cN0Mx",lung adenocarcinoma,pT1cN0Mx,IA3,IA,低分化(复杂腺体约30%+乳头型约20%+腺泡型约40%+附壁生长型约10%),G3,,,0/12,2.4,"D2-40,S-100,CD31(可见脉管侵犯,未见神经侵犯);弹力纤维染色(未见明确胸膜侵犯)","淋巴结计数OCR与组号严重错位,已按原图重排(2组0/1、7组0/3、9组0/1、10组0/1、11组0/1、13组0/1、14组0/3、12组0/1);pTNM原文OCR为pT1cNOMx"
微信图片_20240110085954.txt,2301451,lung,送检标本=左肺上叶;肉眼所见=左肺上叶,66,男,2023-02-20,2023-02-27,,"1.(左肺上叶大结节)肺非黏液性腺癌(中分化、腺泡型约占50%,附壁生长型约占50%) 2.(左肺上叶小结节)肺微浸润性腺癌 3.结合免疫组化D2-40、CD31、S-100提示未见脉管及神经侵犯;弹力纤维染色结果提示未见胸膜侵犯;STAS(沿气道播散)(-) 4.支气管断端未见癌 5.送检之:5组淋巴结未见转移(0/1),6组淋巴结未见转移(0/4),7组淋巴结未见转移(0/2),10组淋巴结未见转移(0/2),11组淋巴结未见转移(0/1),12组淋巴结未见转移(0/1),13组淋巴结未见转移(0/1),14组淋巴结未见转移(0/2) 6.临床病理分期:pT3N0Mx",lung adenocarcinoma,pT3N0Mx,IIB,IIB,中分化(主灶:腺泡型约50%+附壁生长型约50%);另见微浸润性腺癌灶,G2,,,0/14,2,"D2-40,CD31,S-100(未见脉管及神经侵犯);弹力纤维染色(未见胸膜侵犯)","同叶双结节(大结节浸润性腺癌+小结节微浸润性腺癌),pT3与原报告一致;肿瘤大小取大结节最大径2cm(cm);临床诊断原文为空"
微信图片_20240110085957.txt,2301282,lung,"送检标本=左肺上叶尖段病灶,后送左肺上叶;肉眼所见=左肺上叶",60,男,2023-02-15,2023-02-21,,"1.(左肺上叶)浸润性非黏液腺癌(中分化,复杂腺体约占20%,腺泡型约占40%,附壁生长型约占40%)(肿瘤直径1.2cm) 2.免疫组化D2-40、CD31、S-100提示未见脉管及神经侵犯;弹力纤维染色结果提示未见胸膜侵犯 3.支气管断端未见癌;STAS(沿气道播散)(-) 4.送检之:4组淋巴结未见转移(0/1),5组淋巴结未见转移(0/2),6组淋巴结未见转移(0/1),7组淋巴结未见转移(0/1),9组淋巴结未见转移(0/1),10组淋巴结未见转移(0/2),11组淋巴结未见转移(0/1),12组淋巴结未见转移(0/1),13组淋巴结未见转移(0/2)",lung adenocarcinoma,,,,中分化(复杂腺体约20%+腺泡型约40%+附壁生长型约40%),G2,,,0/12,1.2,"D2-40,CD31,S-100(未见脉管及神经侵犯);弹力纤维染色(未见胸膜侵犯)","原报告无印刷pTNM行;原图左下角有手写""IB期"";按pT1bN0M0应为IA2,与手写不一致,故stage留空待确认;原OCR该行仅残留""B期"""
微信图片_20240110090001.txt,2301231,lung,送检标本=右肺中、上叶;肉眼所见=右肺中、上叶,60,男,2023-02-14,2023-02-21,,"免疫组化03:TTF-1(+)、NapsinA(+)、CK7(+)、CK20(-)、Ki67(50%+)、P40(-)、Villin(-) 1.(右肺中、上叶)浸润性非粘液型腺癌(低分化,复杂腺体约占60%,乳头型约占40%)(肿瘤大小约:4*2.5*2.3cm) 未见肿瘤细胞沿肺泡腔扩散;CD31、D2-40、S-100免疫组化结果提示未见明确脉管及神经侵犯;可见胸膜侵犯 2.支气管断端未见癌 3.送检之:2组淋巴结未见转移(0/4),4组淋巴结未见转移(0/7),7组淋巴结未见转移(0/1),10组淋巴结未见转移(0/1),11组淋巴结未见转移(0/1),12组淋巴结未见转移(0/3),13组淋巴结未见转移(0/2),14组淋巴结未见转移(0/2)",lung adenocarcinoma,,,,低分化(复杂腺体约60%+乳头型约40%),G3,50,,0/21,4,"TTF-1(+),NapsinA(+),CK7(+),CK20(-),Ki67(50%+),P40(-),Villin(-);CD31,D2-40,S-100(未见明确脉管及神经侵犯)","原报告无pTNM行;诊断内有""可见胸膜侵犯"",按AJCC8th至少为pT2aN0M0(I B),待人工确认;肉眼所见末行""补取16、17各一块叶间胸膜处肿物""被OCR丢失"
微信图片_20240110090005.txt,2300585,lung,"送检标本=右肺下叶肺段,后送右肺下叶",65,女,2023-02-01,2023-02-07,肺占位性病变,"1.(右肺下叶)浸润性非粘液型腺癌(中分化)(肿瘤大小约:1.1*0.9cm),腺泡型约占40%,附壁生长型约占60%;未见肿瘤细胞沿肺泡腔扩散;未见明确脉管及神经侵犯;未见明确胸膜侵犯 2.支气管断端未见癌 3.送检之:7组淋巴结未见转移(0/2),(9组淋巴结)软组织未见癌;11组淋巴结未见转移(0/1),(12组淋巴结)肺组织未见癌;13组淋巴结未见转移(0/2) 4.病理分期:pT1N0Mx",lung adenocarcinoma,pT1N0Mx,IA,IA,中分化(腺泡型约40%+附壁生长型约60%),G2,,,0/5,1.1,(原报告无免疫组化项目),"原报告pTNM仅写pT1,缺亚分级字母;按肿瘤1.1cm推算应为T1b(IA2);pTNM原文OCR为pT1NOMx"
微信图片_20240110090009.txt,2211834,lung,送检标本=右肺下叶结节;肉眼所见=右肺下叶,54,女,2022-08-26,2022-09-01,孤立性肺结节,"1.(右肺下叶)肺腺癌(腺泡型伴乳头型)(肿瘤约2.2*1.5cm) 2.未见明确胸膜侵犯 3.支气管断端未见癌组织 4.送检之:7组淋巴结未见转移(0/1),8组淋巴结未见转移(0/1),9组淋巴结未见转移(0/1),10组淋巴结未见转移(0/2),13组淋巴结未见转移(0/1)",lung adenocarcinoma,,,,未标注分化程度(组织学亚型:腺泡型伴乳头型),,,,0/6,2.2,(原报告无免疫组化项目),"原报告无pTNM行,亦无分化程度描述;肉眼所见后半段(周围肺组织取材、支气管断端吻合器)被OCR丢失"
微信图片_20240110090011.txt,2211213,lung,送检标本=右肺下叶结节;肉眼所见=右肺下叶结节,72,女,2022-08-16,2022-08-19,孤立性肺结节,"1.(右)肺腺癌(附壁生长型伴腺泡型)(肿瘤大小约1.5*1cm);未见明确胸膜侵犯 2.支气管断端未见癌 3.送检之:7组淋巴结未见转移(0/1),(8组淋巴结)软组织未见癌;9组淋巴结未见转移(0/1),10组淋巴结未见转移(0/1);11组淋巴结未见转移(0/1),12组淋巴结未见转移(0/2);13组淋巴结未见转移(0/2),14组淋巴结未见转移(0/1)",lung adenocarcinoma,,,,未标注分化程度(组织学亚型:附壁生长型伴腺泡型),,,,0/9,1.5,(原报告无免疫组化项目),"原报告无pTNM行,亦无分化程度描述"
微信图片_20240110090015.txt,2211007,lung,送检标本=右肺下叶;肉眼所见=右肺下叶,65,女,2022-08-11,2022-08-16,肺占位性病变,"1.(右)肺腺癌(附壁生长型为主)(肿物约2*1.2cm);未见明确胸膜侵犯 2.支气管断端未见癌 3.送检之:2组淋巴结未见转移(0/3),4组淋巴结未见转移(0/1),7组淋巴结未见转移(0/3),9组淋巴结未见转移(0/1),10组淋巴结未见转移(0/2),11组淋巴结未见转移(0/1),12组淋巴结未见转移(0/1),13组淋巴结未见转移(0/1)",lung adenocarcinoma,,,,未标注分化程度(组织学亚型:附壁生长型为主),,,,0/13,2,(原报告无免疫组化项目),"原报告无pTNM行,亦无分化程度描述;取材记录简短(仅冰一块B1)"
微信图片_20240110090019.txt,D2302521,kidney,送检材料=右肾及肿物;大体所见=右肾及肾周脂肪,58,女,2023-08-14,2023-08-17,肾肿物,免疫组化06:Vimentin(+)、CD10(+)、CK7(-)、CD117(-)、EMA(+)、E-cadherin(部分+)、Pax-8(+)、HNF-1β(+)、CK20(-)、HMB-45(-) 1.(右)肾透明细胞癌(肿瘤约3*3cm) 2.(右)输尿管断端、肾门血管、肾盂、肾窦脂肪及肾周脂肪未见癌组织,clear cell RCC,,,,,,,,,3,"Vimentin(+),CD10(+),CK7(-),CD117(-),EMA(+),E-cadherin(部分+),Pax-8(+),HNF-1β(+),CK20(-),HMB-45(-)",肾报告单无pTNM、无Fuhrman/ISUP分级、无淋巴结送检;切缘(输尿管/血管/肾周脂肪)均阴性
微信图片_20240110090023.txt,D2301815,kidney,送检材料=右肾及肿物;大体所见=右肾及肿物,71,女,2023-06-28,2023-06-30,肾占位性病变,免疫组化:E-cadherin(+) 1.(右)肾透明细胞癌 2.血管断端、输尿管断端及肾周脂肪均未见癌,clear cell RCC,,,,,,,,,4,E-cadherin(+),"OCR把""E-cadherin（+）""与诊断第1条合并为一行;IHC仅1项,信息量少;肿瘤大小取自大体所见4*3.6cm(最大径4)"
微信图片_20240110090026.txt,D2300470,kidney,送检材料=右肾及肿瘤;大体所见=右肾,54,男,2023-04-04,2023-04-11,单侧腹股沟疝,免疫组化03:Vimentin(+)、CD10(+)、CK7(-)、CD117(-)、EMA(+)、E-cadherin(+) 1.(右)肾透明细胞癌 2.血管断端、输尿管断端、肾周脂肪未见癌,clear cell RCC,,,,,,,,,3.2,"Vimentin(+),CD10(+),CK7(-),CD117(-),EMA(+),E-cadherin(+)","临床诊断""单侧腹股沟疝""与肾肿瘤不符(已按原图确认,疑为疝手术中偶然发现或录入不符);送检科室为普外科一病房"
微信图片_20240110090029.txt,2301588,kidney,送检标本=左肾;肉眼所见=左肾,68,男,2023-02-20,2023-02-24,肾肿瘤,免疫组化03:Vimentin(+)、CD10(+)、EMA(+)、CK7(-)、CD117(-)、E-cadherin(局部+) 1.(左)肾透明细胞癌 2.肾周脂肪、输尿管断端、血管断端未见癌,clear cell RCC,,,,,,,,,6.5,"Vimentin(+),CD10(+),EMA(+),CK7(-),CD117(-),E-cadherin(局部+)","病灶为囊性(6.5*5cm,囊壁灰白厚0.1cm);无pTNM/分级/淋巴结"
微信图片_20240110090033.txt,2301156,kidney,送检标本=左肾;肉眼所见=左肾,65,女,2023-02-13,2023-02-20,肾肿瘤,免疫组化02:Vimentin(+)、CK7(-)、CK20(-)、CD10(+)、EMA(部分+)、CD117(-)、HMB45(-) 1.(左)肾透明细胞癌 2.肾周脂肪、输尿管断端、血管断端未见癌,clear cell RCC,,,,,,,,,2.1,"Vimentin(+),CK7(-),CK20(-),CD10(+),EMA(部分+),CD117(-),HMB45(-)",肉眼所见末句OCR不完整(取材编号后无下文);无pTNM/分级/淋巴结
微信图片_20240110090037.txt,2216078,kidney,送检标本=左肾及肿瘤;肉眼所见=左肾,72,女,2022-12-02,2022-12-08,,免疫组化02:Vimentin(+)、CD10(+)、CK7(-)、EMA(部分+)、CD117(-)、E-cadherin(部分+) 1.(左)肾透明细胞癌 2.肾周脂肪、血管断端、输尿管断端未见癌,clear cell RCC,,,,,,,,,7,"Vimentin(+),CD10(+),CK7(-),EMA(部分+),CD117(-),E-cadherin(部分+)",临床诊断原文为空;无pTNM/分级/淋巴结
微信图片_20240110090041.txt,2215130,kidney,送检标本=右肾及肿瘤;肉眼所见=右肾及肿瘤,73,男,2022-11-14,2022-11-17,,免疫组化04:Vimentin(+)、CD10(+)、CK7(-)、CD117(-)、EMA(+)、HMB45(-) 1.(右)肾透明细胞癌 2.输尿管断端、血管断端、肾周脂肪未见癌,clear cell RCC,,,,,,,,,6,"Vimentin(+),CD10(+),CK7(-),CD117(-),EMA(+),HMB45(-)",临床诊断原文为空;无pTNM/分级/淋巴结
微信图片_20240110090044.txt,2213972,kidney,送检标本=左肾及肿物;肉眼所见=左肾,65,男,2022-10-12,2022-10-16,,免疫组化01:CD10(+)、CK7(-)、CD117(-)、E-cadherin(+)、EMA(+)、Vimentin(+) 1.(左)肾透明细胞癌 2.输尿管断端、血管断端、肾周脂肪未见癌,clear cell RCC,,,,,,,,,6.2,"CD10(+),CK7(-),CD117(-),E-cadherin(+),EMA(+),Vimentin(+)","肉眼所见记载""07脉管断端"";肿瘤体积6.2*5.5*6cm,取最大径6.2;无pTNM/分级/淋巴结"
微信图片_20240110090048.txt,2212456,kidney,送检标本=左肾及肿瘤;肉眼所见=左肾,69,男,2022-09-07,2022-09-14,,免疫组化02:Vimentin(+)、CD10(+)、CD117(-)、CK7(-)、EMA(+)、E-cadherin(+)、PaX-8(+)、HNF-1β(+) 1.(左)肾透明细胞癌 2.(左)输尿管断端、血管断端及肾周脂肪未见癌组织,clear cell RCC,,,,,,,,,3.5,"Vimentin(+),CD10(+),CD117(-),CK7(-),EMA(+),E-cadherin(+),Pax-8(+),HNF-1β(+)","OCR含噪声:文首""(invalid)""、行内""蝌蚪样"";送检科室被条形码遮挡,OCR误作""小康外科病房""(实为泌尿外科病房);""PaX-8""大小写不规范"
微信图片_20240110090050.txt,2213740,kidney,送检标本=右肾及肿瘤;肉眼所见=右肾,70,男,2022-10-08,2022-10-12,,1.(右)肾透明细胞癌 2.输尿管断端、血管断端、肾周脂肪未见癌组织,clear cell RCC,,,,,,,,,3.5,(原报告无免疫组化项目),"诊断第2条被OCR截断为""输尿管断端、血管断端、"",已按原图补全;无可用的免疫组化;无pTNM/分级/淋巴结"
微信图片_20240110090053.txt,2102850,liver,送检标本=肝占位;肉眼所见=肝占位;IHC Glypican-3/CK19符合肝细胞来源,63,女,2021-03-16,2021-03-25,肝癌,"免疫组化01:Glypican-3(局灶+)、CK19(-)、Ki67(+约10%)、Syn(-)、CgA(-)、CD56(-)、CK7(部分+)、CK20(-) 肝细胞性肝癌(假腺样,Edmondson-Steiner分级:Ⅱ级,MVI评级:M0,周边肝组织呈G1S3改变)",HCC,,,,Edmondson-Steiner Ⅱ级,G2,10,M0,,5.5,"Glypican-3(局灶+),CK19(-),Ki67(+约10%),Syn(-),CgA(-),CD56(-),CK7(部分+),CK20(-)","临床诊断OCR为""]肝癌""(原图确有""],疑为打印噪声);MVI原文""MO""字形O/0不可辨,按M0/M1/M2体系取M0;无pTNM、无淋巴结送检;背景肝G1S3"
微信图片_20240110090056.txt,2103645,liver,送检标本=肝占位病变;肉眼所见=肝占位病变,76,男,2021-03-30,2021-04-06,肝占位病变,"免疫组化06:Glypican-3(+)、CD34(血管+)、CK7(-)、CK19(-)、Ki67(20%+)、CK20(-) 肝细胞性肝癌(粗梁型,Edmondson-Steiner分级:Ⅲ级,MVI评级:M0,周边肝组织呈G3S4改变)",HCC,,,,Edmondson-Steiner Ⅲ级,G3,20,M0,,6.5,"Glypican-3(+),CD34(血管+),CK7(-),CK19(-),Ki67(20%+),CK20(-)","OCR原文Ck7大小写不规范(""Ck7"");MVI原文""MO"";无pTNM、无淋巴结送检;背景肝G3S4"
微信图片_20240110090103.txt,2104427,liver,送检标本=肝左外叶;肉眼所见=肝左外叶,62,男,2021-04-14,2021-04-23,,"免疫组化05:Glypican-3(局部+)、P53(个别+)、Ki-67(5%+)、CK19(-)、CK7(部分+)、CK20(-) 1.肝细胞性肝癌(粗梁型伴假腺样型,Edmondson-steiner分级:Ⅱ级,MVI评级:M0,周边肝组织呈G2S4改变)(病灶两处:3.5*3*2.5cm及直径1.2cm) 2.送检之:8组淋巴结未见转移(0/2),9组淋巴结未见转移(0/2),(12a组淋巴结)软组织未见癌",HCC,,,,Edmondson-Steiner Ⅱ级,G2,5,M0,0/4,3.5,"Glypican-3(局部+),P53(个别+),Ki-67(5%+),CK19(-),CK7(部分+),CK20(-)","两处病灶(3.5*3*2.5cm与1.2cm),大小取最大径;12a组仅送检软组织;无pTNM;背景肝G2S4"
微信图片_20240110090107.txt,2104988,liver,送检标本=肝脏占位病变;肉眼所见=肝脏占位病变,71,男,2021-04-23,2021-04-30,肝占位病变,"免疫组化02:Glypican-3(+)、CD34(血管+)、CK19(-)、CK20(-)、CK7(-)、Ki67(50%+) 肝细胞性肝癌(假腺样,Edmondson-Steiner分级:Ⅱ级,MVI评级:M0,周边肝组织呈G1S3改变)",HCC,,,,Edmondson-Steiner Ⅱ级,G2,50,M0,,4,"Glypican-3(+),CD34(血管+),CK19(-),CK20(-),CK7(-),Ki67(50%+)","临床诊断OCR带前缀""]"";MVI原文""MO"";无pTNM、无淋巴结送检;背景肝G1S3"
微信图片_20240110090110.txt,2107901,liver,送检标本=肝肿物;临床诊断=肝右叶病变;肉眼所见=肝肿物,57,男,2021-06-23,2021-06-30,"肝右叶病变,恶性不除外,乙肝,肝硬化","免疫组化02:Glypican-3(+)、P53(个别+)、Ki-67(10%+)、CD34(血管+)、CK19(-)、CK7(-)、CK20(-) 肝细胞肝癌伴肝硬化(团片型,Edmondson-Steiner分级:2级,MVI评级:M0)",HCC,,,,"Edmondson-Steiner 2级(=Ⅱ级,原文用阿拉伯数字)",G2,10,M0,,3.5,"Glypican-3(+),P53(个别+),Ki-67(10%+),CD34(血管+),CK19(-),CK7(-),CK20(-)","临床诊断OCR带前缀""]"";分级原文为阿拉伯数字""2级"";MVI原文""MO"";无pTNM、无淋巴结送检"
微信图片_20240110090113.txt,2108531,liver,送检标本=肝脏S6段;肉眼所见=肝脏S6段,46,男,2021-07-07,2021-07-14,,"免疫组化01:Glypican-3(-)、P53(部分+)、Ki67(+约10%)、CD34(内皮细胞+)、CK7(-)、CK19(-) 肝细胞性肝癌(假腺样型,Edmondson-steiner分级:Ⅱ级,MVI分级:M0)",HCC,,,,Edmondson-Steiner Ⅱ级,G2,10,M0,,5.2,"Glypican-3(-),P53(部分+),Ki67(+约10%),CD34(内皮细胞+),CK7(-),CK19(-)","病理诊断整行被OCR丢失,已按原图补全;IHC中CD34后的""(内皮细胞+)""亦被OCR丢失;肉眼所见后半段被OCR丢失;本文MVI作""MVI分级""而非""MVI评级"""
微信图片_20240110090116.txt,2110282,liver,送检标本=肝Ca标本;肉眼所见=肝组织,56,男,2021-08-11,2021-08-17,,免疫组化02:Glypican-3(-)、P53(-)、Ki67(+约5%)、CD34(毛细血管化)、CK7(部分+)、CK19(-)、CK20(-) 肝细胞性肝癌伴肝硬化(细染型)(Edmondson-Steiner分级:Ⅱ级) MVI评级:M0,HCC,,,,Edmondson-Steiner Ⅱ级,G2,5,M0,,2,"Glypican-3(-),P53(-),Ki67(+约5%),CD34(毛细血管化),CK7(部分+),CK19(-),CK20(-)","亚型""细染型""疑为""细梁型""之OCR误字(另两份报告作""细梁型""),待人工确认;临床诊断原文为空;无pTNM、无淋巴结送检"
微信图片_20240110090118.txt,2111742,liver,送检标本=肝脏占位;肉眼所见=肝脏占位,57,男,2021-09-09,2021-09-15,肝脏占位,免疫组化02:Glypican-3(+)、P53(个别+)、Ki-67(10%+)、CK19(-)、CK7(-)、CK20(-)、CD34(毛细血管化) 肝细胞性肝癌伴肝硬化(团片型)(Edmondson-Steiner分级:Ⅱ级;MVI评分:M0;周围肝组织G1S4),HCC,,,,Edmondson-Steiner Ⅱ级,G2,10,M0,,1.7,"Glypican-3(+),P53(个别+),Ki-67(10%+),CK19(-),CK7(-),CK20(-),CD34(毛细血管化)","两个结节(1.7*1.2*1.6cm及0.6*0.5*0.4cm),大小取最大径1.7;MVI原文作""MVI评分"";无pTNM、无淋巴结送检"
微信图片_20240110090121.txt,2115312,liver,送检标本=肝脏占位;肉眼所见=肝组织,68,男,2021-11-29,2021-12-02,肝脏占位病变,免疫组化04:Glypican-3(+)、P53(-)、Ki67(+约5%)、CK7(-)、CK19(-)、CD34(毛细血管化)、CK20(-) 肝细胞性肝癌(假腺管型伴富脂型)(Edmondson-Steiner分级:Ⅱ级) MVI评级:M0 周边肝组织G2S2,HCC,,,,Edmondson-Steiner Ⅱ级,G2,5,M0,,6,"Glypican-3(+),P53(-),Ki67(+约5%),CK7(-),CK19(-),CD34(毛细血管化),CK20(-)","临床诊断OCR带前缀""]"";MVI原文""MO"";无pTNM、无淋巴结送检;背景肝G2S2"
微信图片_20240110090130.txt,D2303613,liver,送检材料=肝左外侧叶;大体所见=肝左外侧叶;IHC Glypican-3/CD34符合肝细胞来源,71,男,2023-10-30,2023-11-03,肝恶性肿瘤,"免疫组化02:Glypican-3(-)、CD34(毛细血管化)、Ki67(+约40%)、CK20(-)、CK19(-)、CK7(个别细胞+);网状纤维染色显示网状结构破坏 (肝左外侧叶)肝细胞性肝癌(细梁型,Edmondson-Steiner分级:Ⅲ级,MVI评级:M0)",HCC,,,,Edmondson-Steiner Ⅲ级,G3,40,M0,,3.5,"Glypican-3(-),CD34(毛细血管化),Ki67(+约40%),CK20(-),CK19(-),CK7(个别细胞+)","OCR原文""Edmondson-Sttiner""为错字;MVI原文""MO"";无pTNM、无淋巴结送检"
