病理号,tif文件名,器官,配对情况
2102850,2102850_20240116095752.tif,肝,配对成功
2103645,2103645_20240116095736.tif,肝,配对成功
2104427,2104427_20240116095718.tif,肝,配对成功
2104988,2104988_20240116095703.tif,肝,配对成功
2107901,2107901_20240116085756.tif,肝,配对成功
2108531,2108531_20240116085652.tif,肝,配对成功
2110282,2110282_20240116085741.tif,肝,配对成功
2111742,2111742_20240116085726.tif,肝,配对成功
2115312,2115312_20240116085710.tif,肝,配对成功
D2303613,D2303613_20240116085636.tif,肝,配对成功
2211213,2211213_20240105093315.tif,肺,配对成功
2211834,2211834_20240105093257.tif,肺,配对成功
2300585,2300585_20240105093241.tif,肺,配对成功
2301231,2301231_20240105085639.tif,肺,配对成功
2301451,2301451_20240105085607.tif,肺,配对成功
2301595,2301595_20240105085551.tif,肺,配对成功
2302089,2302089_20240105085533.tif,肺,配对成功
,_20240105085517.tif,肺,有WSI无病理号
,_20240105085623.tif,肺,有WSI无病理号
,_20240105093332.tif,肺,有WSI无病理号
2211007,,肺,有病理号无WSI
2301282,,肺,有病理号无WSI
D2301220,,肺,有病理号无WSI
2212456,2212456_20240105104036.tif,肾,配对成功
2213740,2213740_20240105104021.tif,肾,配对成功
2215130,2215130_20240105103946.tif,肾,配对成功
2216078,2216078_20240105103930.tif,肾,配对成功
D2302521,D2302521_20240105100337.tif,肾,配对成功
,_20240105100321.tif,肾,有WSI无病理号
,_20240105100356.tif,肾,有WSI无病理号
,_20240105100413.tif,肾,有WSI无病理号
,_20240105100429.tif,肾,有WSI无病理号
,_20240105100445.tif,肾,有WSI无病理号
,_20240105104005.tif,肾,有WSI无病理号
2213972,,肾,有病理号无WSI
2301156,,肾,有病理号无WSI
2301588,,肾,有病理号无WSI
D2300470,,肾,有病理号无WSI
D2301815,,肾,有病理号无WSI
