tif文件名,器官,病理号,状态,匹配报告文件,报告内病理号,报告器官推断,器官一致性,备注
2102850_20240116095752.tif,肝,2102850,matched,微信图片_20240110090053.txt,2102850,肝,OK,报告器官依据: 送检标本“送检标本 肝占位”
2103645_20240116095736.tif,肝,2103645,matched,微信图片_20240110090056.txt,2103645,肝,OK,报告器官依据: 送检标本“送检标本 肝占位病变”
2104427_20240116095718.tif,肝,2104427,matched,微信图片_20240110090103.txt,2104427,肝,OK,报告器官依据: 送检标本“送检标本 肝左外叶，8.”
2104988_20240116095703.tif,肝,2104988,matched,微信图片_20240110090107.txt,2104988,肝,OK,报告器官依据: 送检标本“送检标本 肝脏占位病变”
2107901_20240116085756.tif,肝,2107901,matched,微信图片_20240110090110.txt,2107901,肝,OK,报告器官依据: 送检标本“送检标本 肝肿物”
2108531_20240116085652.tif,肝,2108531,matched,微信图片_20240110090113.txt,2108531,肝,OK,报告器官依据: 送检标本“送检标本 肝脏S6段”
2110282_20240116085741.tif,肝,2110282,matched,微信图片_20240110090116.txt,2110282,肝,OK,报告器官依据: 送检标本“送检标本 肝Ca标本”
2111742_20240116085726.tif,肝,2111742,matched,微信图片_20240110090118.txt,2111742,肝,OK,报告器官依据: 送检标本“送检标本 肝脏占位”
2115312_20240116085710.tif,肝,2115312,matched,微信图片_20240110090121.txt,2115312,肝,OK,报告器官依据: 送检标本“送检标本：肝脏占位”
D2303613_20240116085636.tif,肝,D2303613,matched,微信图片_20240110090130.txt,D2303613,肝,OK,报告器官依据: 送检材料“送检材料 肝左外侧叶”
2211213_20240105093315.tif,肺,2211213,matched,微信图片_20240110090011.txt,2211213,肺,OK,报告器官依据: 送检标本“送检标本：右肺下叶结节，后送7、8、9、10、11、12、13、14组淋巴结”
2211834_20240105093257.tif,肺,2211834,matched,微信图片_20240110090009.txt,2211834,肺,OK,报告器官依据: 送检标本“送检标本 右肺下叶结节，后送7.8.9.10.13组淋巴结”
2300585_20240105093241.tif,肺,2300585,matched,微信图片_20240110090005.txt,2300585,肺,OK,报告器官依据: 送检标本“送检标本 右肺下叶肺段，后送：右肺下叶，”
2301231_20240105085639.tif,肺,2301231,matched,微信图片_20240110090001.txt,2301231,肺,OK,报告器官依据: 送检标本“送检标本 右肺中、上叶，2、4、7、10、11、12、13、14组淋巴结”
2301451_20240105085607.tif,肺,2301451,matched,微信图片_20240110085954.txt,2301451,肺,OK,报告器官依据: 送检标本“送检标本：左肺上叶，后送5.6.7.10.11.12.13.14组淋巴结”
2301595_20240105085551.tif,肺,2301595,matched,微信图片_20240110085949.txt,2301595,肺,OK,报告器官依据: 送检标本“送检标本：右肺下叶，后送右肺下叶2.4.7.8.9.10.11.12.13.14组淋巴结肉眼所见：右肺下叶：8*6*0.”
2302089_20240105085533.tif,肺,2302089,matched,微信图片_20240110085944.txt,2302089,肺,OK,报告器官依据: 送检标本“送检标本：右肺下叶结节，后送：7.9.10组淋巴结”
_20240105085517.tif,肺,,blank_id,,,,无法判定,文件名无病理号; 时间戳 2024-01-05 08:55:17; 大小 10.22 GB
_20240105085623.tif,肺,,blank_id,,,,无法判定,文件名无病理号; 时间戳 2024-01-05 08:56:23; 大小 9.55 GB
_20240105093332.tif,肺,,blank_id,,,,无法判定,文件名无病理号; 时间戳 2024-01-05 09:33:32; 大小 12.20 GB
2212456_20240105104036.tif,肾,2212456,matched,微信图片_20240110090048.txt,2212456,肾,OK,报告器官依据: 送检标本“送检标本：左肾及肿瘤”
2213740_20240105104021.tif,肾,2213740,matched,微信图片_20240110090050.txt,2213740,肾,OK,报告器官依据: 送检标本“送检标本 右肾及肿瘤”
2215130_20240105103946.tif,肾,2215130,matched,微信图片_20240110090041.txt,2215130,肾,OK,报告器官依据: 送检标本“送检标本：右肾及肿瘤”
2216078_20240105103930.tif,肾,2216078,matched,微信图片_20240110090037.txt,2216078,肾,OK,报告器官依据: 送检标本“送检标本 左肾及肿瘤”
D2302521_20240105100337.tif,肾,D2302521,matched,微信图片_20240110090019.txt,D2302521,肾,OK,报告器官依据: 送检材料“送检材料 右肾及肿物”
_20240105100321.tif,肾,,blank_id,,,,无法判定,文件名无病理号; 时间戳 2024-01-05 10:03:21; 大小 9.16 GB
_20240105100356.tif,肾,,blank_id,,,,无法判定,文件名无病理号; 时间戳 2024-01-05 10:03:56; 大小 10.86 GB
_20240105100413.tif,肾,,blank_id,,,,无法判定,文件名无病理号; 时间戳 2024-01-05 10:04:13; 大小 8.08 GB
_20240105100429.tif,肾,,blank_id,,,,无法判定,文件名无病理号; 时间戳 2024-01-05 10:04:29; 大小 10.97 GB
_20240105100445.tif,肾,,blank_id,,,,无法判定,文件名无病理号; 时间戳 2024-01-05 10:04:45; 大小 11.25 GB
_20240105104005.tif,肾,,blank_id,,,,无法判定,文件名无病理号; 时间戳 2024-01-05 10:40:05; 大小 10.59 GB
,,2211007,orphan_report,微信图片_20240110090015.txt,2211007,肺,无法判定,"切片缺失; 送检日期 2022-08-11; 报告日期 2022-08-16; 报告器官依据: 送检标本“送检标本 右肺下叶，2,4,7,9,10,11,12,13组淋巴结”"
,,2213972,orphan_report,微信图片_20240110090044.txt,2213972,肾,无法判定,切片缺失; 送检日期 2022-10-12; 报告日期 2022-10-16; 报告器官依据: 送检标本“送检标本 左肾及肿物”
,,2301156,orphan_report,微信图片_20240110090033.txt,2301156,肾,无法判定,切片缺失; 送检日期 2023-02-13; 报告日期 2023-02-20; 报告器官依据: 送检标本“送检标本 左肾”
,,2301282,orphan_report,微信图片_20240110085957.txt,2301282,肺,无法判定,切片缺失; 送检日期 2023-02-15; 报告日期 2023-02-21; 报告器官依据: 送检标本“送检标本：左肺上叶尖段病灶，后送左肺上叶，4、5、6、7、9、10、11、12、13组淋巴结肉眼所见：”
,,2301588,orphan_report,微信图片_20240110090029.txt,2301588,肾,无法判定,切片缺失; 送检日期 2023-02-20; 报告日期 2023-02-24; 报告器官依据: 送检标本“送检标本：左肾”
,,D2300470,orphan_report,微信图片_20240110090026.txt,D2300470,肾,无法判定,切片缺失; 送检日期 2023-04-04; 报告日期 2023-04-11; 报告器官依据: 送检材料“送检材料 右肾及肿瘤”
,,D2301220,orphan_report,微信图片_20240110085931.txt,D2301220,肺,无法判定,"切片缺失; 送检日期 2023-05-23; 报告日期 2023-05-26; 报告器官依据: 送检材料“送检材料：肺，4.5.6.11.12.13.14组淋巴结100大体所见：肺(左肺上叶):16*14*3cm,紧靠胸膜下可”"
,,D2301815,orphan_report,微信图片_20240110090023.txt,D2301815,肾,无法判定,切片缺失; 送检日期 2023-06-28; 报告日期 2023-06-30; 报告器官依据: 送检材料“送检材料 右肾及肿物”
